/*
 Navicat Premium Dump SQL

 Source Server         : localhost
 Source Server Type    : MySQL
 Source Server Version : 90500 (9.5.0)
 Source Host           : localhost:3306
 Source Schema         : easy_drive

 Target Server Type    : MySQL
 Target Server Version : 90500 (9.5.0)
 File Encoding         : 65001

 Date: 13/03/2026 17:21:13
*/

SET NAMES utf8mb4;
SET FOREIGN_KEY_CHECKS = 0;

-- ----------------------------
-- Table structure for t_car
-- ----------------------------
DROP TABLE IF EXISTS `t_car`;
CREATE TABLE `t_car` (
  `id` bigint NOT NULL AUTO_INCREMENT COMMENT 'иҪҰиҫҶID',
  `brand` varchar(50) CHARACTER SET utf8mb4 COLLATE utf8mb4_0900_ai_ci DEFAULT NULL COMMENT 'е“ҒзүҢ',
  `model` varchar(50) CHARACTER SET utf8mb4 COLLATE utf8mb4_0900_ai_ci DEFAULT NULL COMMENT 'иҪҰеһӢ',
  `price` decimal(10,2) DEFAULT NULL COMMENT 'д»·ж ј',
  `mileage` int DEFAULT NULL COMMENT 'йҮҢзЁӢж•°(е…¬йҮҢ)',
  `year` int DEFAULT NULL COMMENT 'е№ҙд»Ҫ',
  `color` varchar(20) CHARACTER SET utf8mb4 COLLATE utf8mb4_0900_ai_ci DEFAULT NULL COMMENT 'йўңиүІ',
  `fuel_type` varchar(20) CHARACTER SET utf8mb4 COLLATE utf8mb4_0900_ai_ci DEFAULT NULL COMMENT 'зҮғж–ҷзұ»еһӢ',
  `transmission` varchar(20) CHARACTER SET utf8mb4 COLLATE utf8mb4_0900_ai_ci DEFAULT NULL COMMENT 'еҸҳйҖҹз®ұ',
  `description` text CHARACTER SET utf8mb4 COLLATE utf8mb4_0900_ai_ci COMMENT 'жҸҸиҝ°',
  `images` varchar(500) CHARACTER SET utf8mb4 COLLATE utf8mb4_0900_ai_ci DEFAULT NULL COMMENT 'еӣҫзүҮURL(йҖ—еҸ·еҲҶйҡ”)',
  `location` varchar(100) CHARACTER SET utf8mb4 COLLATE utf8mb4_0900_ai_ci DEFAULT NULL COMMENT 'дҪҚзҪ®',
  `status` int DEFAULT '1' COMMENT 'зҠ¶жҖҒпјҡ1-еңЁе”®пјҢ0-е·Іе”®',
  `user_id` bigint DEFAULT NULL COMMENT 'еҸ‘еёғз”ЁжҲ·ID',
  `create_time` datetime DEFAULT NULL COMMENT 'еҲӣе»әж—¶й—ҙ',
  `update_time` datetime DEFAULT NULL COMMENT 'жӣҙж–°ж—¶й—ҙ',
  `deleted` int DEFAULT '0' COMMENT 'йҖ»иҫ‘еҲ йҷӨпјҡ0-жңӘеҲ йҷӨпјҢ1-е·ІеҲ йҷӨ',
  PRIMARY KEY (`id`) USING BTREE,
  KEY `idx_brand` (`brand`) USING BTREE,
  KEY `idx_price` (`price`) USING BTREE,
  KEY `idx_year` (`year`) USING BTREE,
  KEY `idx_user_id` (`user_id`) USING BTREE,
  CONSTRAINT `t_car_ibfk_1` FOREIGN KEY (`user_id`) REFERENCES `t_user` (`id`) ON DELETE CASCADE ON UPDATE RESTRICT
) ENGINE=InnoDB AUTO_INCREMENT=26 DEFAULT CHARSET=utf8mb4 COLLATE=utf8mb4_0900_ai_ci ROW_FORMAT=DYNAMIC COMMENT='иҪҰиҫҶиЎЁ';

-- ----------------------------
-- Records of t_car
-- ----------------------------
BEGIN;
INSERT INTO `t_car` (`id`, `brand`, `model`, `price`, `mileage`, `year`, `color`, `fuel_type`, `transmission`, `description`, `images`, `location`, `status`, `user_id`, `create_time`, `update_time`, `deleted`) VALUES (25, 'е°Ҹзұі', 'su7', 230000.00, 12000, 2026, 'жө·ж№ҫи“қ', 'з”өеҠЁ', 'иҮӘеҠЁ', '99ж–°', '/uploads/22223eef-704d-4611-8338-f1d8e07399a0.jpg,/uploads/5787e867-c291-4d61-93a7-7a8866a83fa7.jpg', 'еҢ—дә¬еёӮжңқйҳіеҢә', 1, 11, '2026-03-13 14:21:04', '2026-03-13 16:39:46', 0);
COMMIT;

-- ----------------------------
-- Table structure for t_menu
-- ----------------------------
DROP TABLE IF EXISTS `t_menu`;
CREATE TABLE `t_menu` (
  `id` bigint NOT NULL AUTO_INCREMENT COMMENT 'иҸңеҚ•ID',
  `parent_id` bigint DEFAULT '0' COMMENT 'зҲ¶иҸңеҚ•IDпјҢ0дёәйЎ¶зә§иҸңеҚ•',
  `title` varchar(50) CHARACTER SET utf8mb4 COLLATE utf8mb4_0900_ai_ci NOT NULL COMMENT 'иҸңеҚ•ж Үйўҳ',
  `icon` varchar(100) CHARACTER SET utf8mb4 COLLATE utf8mb4_0900_ai_ci DEFAULT NULL COMMENT 'иҸңеҚ•еӣҫж Ү',
  `path` varchar(200) CHARACTER SET utf8mb4 COLLATE utf8mb4_0900_ai_ci DEFAULT NULL COMMENT 'и·Ҝз”ұи·Ҝеҫ„',
  `sort` int DEFAULT '0' COMMENT 'жҺ’еәҸ',
  `create_time` datetime DEFAULT NULL COMMENT 'еҲӣе»әж—¶й—ҙ',
  `update_time` datetime DEFAULT NULL COMMENT 'жӣҙж–°ж—¶й—ҙ',
  `deleted` int DEFAULT '0' COMMENT 'йҖ»иҫ‘еҲ йҷӨпјҡ0-жңӘеҲ йҷӨпјҢ1-е·ІеҲ йҷӨ',
  PRIMARY KEY (`id`) USING BTREE,
  KEY `idx_parent_id` (`parent_id`) USING BTREE
) ENGINE=InnoDB AUTO_INCREMENT=89 DEFAULT CHARSET=utf8mb4 COLLATE=utf8mb4_0900_ai_ci ROW_FORMAT=DYNAMIC COMMENT='иҸңеҚ•иЎЁ';

-- ----------------------------
-- Records of t_menu
-- ----------------------------
BEGIN;
INSERT INTO `t_menu` (`id`, `parent_id`, `title`, `icon`, `path`, `sort`, `create_time`, `update_time`, `deleted`) VALUES (79, 0, 'зі»з»ҹз®ЎзҗҶ', 'SettingOutlined', '/system', 2, '2026-03-12 09:53:28', '2026-03-12 10:17:32', 0);
INSERT INTO `t_menu` (`id`, `parent_id`, `title`, `icon`, `path`, `sort`, `create_time`, `update_time`, `deleted`) VALUES (80, 79, 'з”ЁжҲ·з®ЎзҗҶ', 'UserOutlined', '/system/user', 3, '2026-03-12 09:53:28', '2026-03-12 09:53:28', 0);
INSERT INTO `t_menu` (`id`, `parent_id`, `title`, `icon`, `path`, `sort`, `create_time`, `update_time`, `deleted`) VALUES (81, 79, 'и§’иүІз®ЎзҗҶ', 'TeamOutlined', '/system/role', 4, '2026-03-12 09:53:28', '2026-03-12 09:53:28', 0);
INSERT INTO `t_menu` (`id`, `parent_id`, `title`, `icon`, `path`, `sort`, `create_time`, `update_time`, `deleted`) VALUES (82, 79, 'иҸңеҚ•з®ЎзҗҶ', 'MenuOutlined', '/system/menu', 5, '2026-03-12 09:53:28', '2026-03-12 09:53:28', 0);
INSERT INTO `t_menu` (`id`, `parent_id`, `title`, `icon`, `path`, `sort`, `create_time`, `update_time`, `deleted`) VALUES (83, 0, 'иҪҰиҫҶз®ЎзҗҶ', 'CarOutlined', '/car', 6, '2026-03-12 09:53:28', '2026-03-12 09:53:28', 0);
INSERT INTO `t_menu` (`id`, `parent_id`, `title`, `icon`, `path`, `sort`, `create_time`, `update_time`, `deleted`) VALUES (84, 83, 'иҪҰиҫҶеҲ—иЎЁ', 'UnorderedListOutlined', '/car/list', 7, '2026-03-12 09:53:28', '2026-03-12 09:53:28', 0);
INSERT INTO `t_menu` (`id`, `parent_id`, `title`, `icon`, `path`, `sort`, `create_time`, `update_time`, `deleted`) VALUES (85, 83, 'е“ҒзүҢиҪҰеһӢз®ЎзҗҶ', 'CarOutlined', '/car/model', 8, '2026-03-12 09:53:28', '2026-03-12 09:53:28', 0);
COMMIT;

-- ----------------------------
-- Table structure for t_car_brand
-- ----------------------------
DROP TABLE IF EXISTS `t_car_brand`;
CREATE TABLE `t_car_brand` (
  `id` bigint NOT NULL AUTO_INCREMENT COMMENT 'е“ҒзүҢID',
  `name` varchar(50) NOT NULL COMMENT 'е“ҒзүҢеҗҚз§°',
  `initial` varchar(1) DEFAULT NULL COMMENT 'йҰ–еӯ—жҜҚ A-Z',
  `sort` int DEFAULT '0',
  `create_time` datetime DEFAULT NULL COMMENT 'еҲӣе»әж—¶й—ҙ',
  `update_time` datetime DEFAULT NULL COMMENT 'жӣҙж–°ж—¶й—ҙ',
  `deleted` int DEFAULT '0' COMMENT 'йҖ»иҫ‘еҲ йҷӨпјҡ0-жңӘеҲ йҷӨпјҢ1-е·ІеҲ йҷӨ',
  PRIMARY KEY (`id`)
) ENGINE=InnoDB AUTO_INCREMENT=1 DEFAULT CHARSET=utf8mb4 COLLATE=utf8mb4_0900_ai_ci COMMENT='е“ҒзүҢиЎЁ';

-- ----------------------------
-- Table structure for t_car_model
-- ----------------------------
DROP TABLE IF EXISTS `t_car_model`;
CREATE TABLE `t_car_model` (
  `id` bigint NOT NULL AUTO_INCREMENT COMMENT 'иҪҰеһӢID',
  `brand_id` bigint NOT NULL COMMENT 'жүҖеұһе“ҒзүҢID',
  `name` varchar(50) NOT NULL COMMENT 'иҪҰеһӢеҗҚз§°',
  `sort` int DEFAULT '0',
  `create_time` datetime DEFAULT NULL COMMENT 'еҲӣе»әж—¶й—ҙ',
  `update_time` datetime DEFAULT NULL COMMENT 'жӣҙж–°ж—¶й—ҙ',
  `deleted` int DEFAULT '0' COMMENT 'йҖ»иҫ‘еҲ йҷӨпјҡ0-жңӘеҲ йҷӨпјҢ1-е·ІеҲ йҷӨ',
  PRIMARY KEY (`id`),
  KEY `idx_brand_id` (`brand_id`)
) ENGINE=InnoDB AUTO_INCREMENT=1 DEFAULT CHARSET=utf8mb4 COLLATE=utf8mb4_0900_ai_ci COMMENT='иҪҰеһӢиЎЁ';

-- ----------------------------
-- Records of t_role_menu for new menu
-- ----------------------------
BEGIN;
INSERT INTO `t_role_menu` (`role_id`, `menu_id`, `create_time`, `update_time`, `deleted`) VALUES (1, 85, NOW(), NOW(), 0);
COMMIT;

-- ----------------------------
-- Table structure for t_role
-- ----------------------------
DROP TABLE IF EXISTS `t_role`;
CREATE TABLE `t_role` (
  `id` bigint NOT NULL AUTO_INCREMENT COMMENT 'и§’иүІID',
  `name` varchar(50) CHARACTER SET utf8mb4 COLLATE utf8mb4_0900_ai_ci NOT NULL COMMENT 'и§’иүІеҗҚз§°',
  `description` varchar(200) CHARACTER SET utf8mb4 COLLATE utf8mb4_0900_ai_ci DEFAULT NULL COMMENT 'и§’иүІжҸҸиҝ°',
  `create_time` datetime DEFAULT NULL COMMENT 'еҲӣе»әж—¶й—ҙ',
  `update_time` datetime DEFAULT NULL COMMENT 'жӣҙж–°ж—¶й—ҙ',
  `deleted` int DEFAULT '0' COMMENT 'йҖ»иҫ‘еҲ йҷӨпјҡ0-жңӘеҲ йҷӨпјҢ1-е·ІеҲ йҷӨ',
  PRIMARY KEY (`id`) USING BTREE,
  UNIQUE KEY `name` (`name`) USING BTREE
) ENGINE=InnoDB AUTO_INCREMENT=17 DEFAULT CHARSET=utf8mb4 COLLATE=utf8mb4_0900_ai_ci ROW_FORMAT=DYNAMIC COMMENT='и§’иүІиЎЁ';

-- ----------------------------
-- Records of t_role
-- ----------------------------
BEGIN;
INSERT INTO `t_role` (`id`, `name`, `description`, `create_time`, `update_time`, `deleted`) VALUES (1, 'з®ЎзҗҶе‘ҳ', 'зі»з»ҹз®ЎзҗҶе‘ҳпјҢжӢҘжңүжүҖжңүжқғйҷҗ', '2026-03-11 18:03:06', '2026-03-12 10:18:58', 0);
INSERT INTO `t_role` (`id`, `name`, `description`, `create_time`, `update_time`, `deleted`) VALUES (2, 'жҷ®йҖҡз”ЁжҲ·', 'жҷ®йҖҡз”ЁжҲ·пјҢжӢҘжңүеҹәжң¬жқғйҷҗ', '2026-03-11 18:03:06', '2026-03-12 10:19:09', 0);
COMMIT;

-- ----------------------------
-- Table structure for t_role_menu
-- ----------------------------
DROP TABLE IF EXISTS `t_role_menu`;
CREATE TABLE `t_role_menu` (
  `id` bigint NOT NULL AUTO_INCREMENT COMMENT 'е…іиҒ”ID',
  `role_id` bigint NOT NULL COMMENT 'и§’иүІID',
  `menu_id` bigint NOT NULL COMMENT 'иҸңеҚ•ID',
  `create_time` datetime DEFAULT NULL COMMENT 'еҲӣе»әж—¶й—ҙ',
  `update_time` datetime DEFAULT NULL COMMENT 'жӣҙж–°ж—¶й—ҙ',
  `deleted` int DEFAULT '0' COMMENT 'йҖ»иҫ‘еҲ йҷӨпјҡ0-жңӘеҲ йҷӨпјҢ1-е·ІеҲ йҷӨ',
  PRIMARY KEY (`id`) USING BTREE,
  KEY `idx_role_id` (`role_id`) USING BTREE,
  KEY `idx_menu_id` (`menu_id`) USING BTREE,
  CONSTRAINT `t_role_menu_ibfk_1` FOREIGN KEY (`role_id`) REFERENCES `t_role` (`id`) ON DELETE CASCADE ON UPDATE RESTRICT,
  CONSTRAINT `t_role_menu_ibfk_2` FOREIGN KEY (`menu_id`) REFERENCES `t_menu` (`id`) ON DELETE CASCADE ON UPDATE RESTRICT
) ENGINE=InnoDB AUTO_INCREMENT=572 DEFAULT CHARSET=utf8mb4 COLLATE=utf8mb4_0900_ai_ci ROW_FORMAT=DYNAMIC COMMENT='и§’иүІиҸңеҚ•е…іиҒ”иЎЁ';

-- ----------------------------
-- Records of t_role_menu
-- ----------------------------
BEGIN;
INSERT INTO `t_role_menu` (`id`, `role_id`, `menu_id`, `create_time`, `update_time`, `deleted`) VALUES (555, 1, 79, '2026-03-12 10:18:58', '2026-03-12 10:18:58', 0);
INSERT INTO `t_role_menu` (`id`, `role_id`, `menu_id`, `create_time`, `update_time`, `deleted`) VALUES (556, 1, 83, '2026-03-12 10:18:58', '2026-03-12 10:18:58', 0);
INSERT INTO `t_role_menu` (`id`, `role_id`, `menu_id`, `create_time`, `update_time`, `deleted`) VALUES (558, 1, 80, '2026-03-12 10:18:58', '2026-03-12 10:18:58', 0);
INSERT INTO `t_role_menu` (`id`, `role_id`, `menu_id`, `create_time`, `update_time`, `deleted`) VALUES (559, 1, 81, '2026-03-12 10:18:58', '2026-03-12 10:18:58', 0);
INSERT INTO `t_role_menu` (`id`, `role_id`, `menu_id`, `create_time`, `update_time`, `deleted`) VALUES (560, 1, 82, '2026-03-12 10:18:58', '2026-03-12 10:18:58', 0);
INSERT INTO `t_role_menu` (`id`, `role_id`, `menu_id`, `create_time`, `update_time`, `deleted`) VALUES (561, 1, 84, '2026-03-12 10:18:58', '2026-03-12 10:18:58', 0);
INSERT INTO `t_role_menu` (`id`, `role_id`, `menu_id`, `create_time`, `update_time`, `deleted`) VALUES (565, 2, 83, '2026-03-12 10:19:09', '2026-03-12 10:19:09', 0);
INSERT INTO `t_role_menu` (`id`, `role_id`, `menu_id`, `create_time`, `update_time`, `deleted`) VALUES (566, 2, 84, '2026-03-12 10:19:09', '2026-03-12 10:19:09', 0);
COMMIT;

-- ----------------------------
-- Table structure for t_user
-- ----------------------------
DROP TABLE IF EXISTS `t_user`;
CREATE TABLE `t_user` (
  `id` bigint NOT NULL AUTO_INCREMENT COMMENT 'з”ЁжҲ·ID',
  `username` varchar(50) CHARACTER SET utf8mb4 COLLATE utf8mb4_0900_ai_ci NOT NULL COMMENT 'з”ЁжҲ·еҗҚ',
  `password` varchar(255) CHARACTER SET utf8mb4 COLLATE utf8mb4_0900_ai_ci NOT NULL COMMENT 'еҜҶз Ғ',
  `phone` varchar(20) CHARACTER SET utf8mb4 COLLATE utf8mb4_0900_ai_ci NOT NULL COMMENT 'жүӢжңәеҸ·',
  `nickname` varchar(50) CHARACTER SET utf8mb4 COLLATE utf8mb4_0900_ai_ci DEFAULT NULL COMMENT 'жҳөз§°',
  `avatar` varchar(255) CHARACTER SET utf8mb4 COLLATE utf8mb4_0900_ai_ci DEFAULT NULL COMMENT 'еӨҙеғҸ',
  `status` int DEFAULT '1' COMMENT 'зҠ¶жҖҒпјҡ1-жӯЈеёёпјҢ0-зҰҒз”Ё',
  `create_time` datetime DEFAULT NULL COMMENT 'еҲӣе»әж—¶й—ҙ',
  `update_time` datetime DEFAULT NULL COMMENT 'жӣҙж–°ж—¶й—ҙ',
  `deleted` int DEFAULT '0' COMMENT 'йҖ»иҫ‘еҲ йҷӨпјҡ0-жңӘеҲ йҷӨпјҢ1-е·ІеҲ йҷӨ',
  PRIMARY KEY (`id`) USING BTREE,
  UNIQUE KEY `username` (`username`) USING BTREE,
  KEY `idx_username` (`username`) USING BTREE,
  KEY `idx_phone` (`phone`) USING BTREE
) ENGINE=InnoDB AUTO_INCREMENT=17 DEFAULT CHARSET=utf8mb4 COLLATE=utf8mb4_0900_ai_ci ROW_FORMAT=DYNAMIC COMMENT='з”ЁжҲ·иЎЁ';

-- ----------------------------
-- Records of t_user
-- ----------------------------
BEGIN;
INSERT INTO `t_user` (`id`, `username`, `password`, `phone`, `nickname`, `avatar`, `status`, `create_time`, `update_time`, `deleted`) VALUES (11, 'admin', '$2a$10$IvFbFXGS3LLuDFSpqZYd6etr5UjVYbnOA1Bwunp0quD47upDu/KQS', '13800138000', 'зі»з»ҹз®ЎзҗҶе‘ҳ', '/uploads/1a2d5023-3912-4557-b758-e12dc108cb7f.jpg', 1, '2026-03-12 09:38:19', '2026-03-12 09:53:28', 0);
INSERT INTO `t_user` (`id`, `username`, `password`, `phone`, `nickname`, `avatar`, `status`, `create_time`, `update_time`, `deleted`) VALUES (12, 'testuser', '$2a$10$IvFbFXGS3LLuDFSpqZYd6etr5UjVYbnOA1Bwunp0quD47upDu/KQS', '13800138001', 'жөӢиҜ•з”ЁжҲ·', 'https://api.dicebear.com/7.x/avataaars/svg?seed=testuser', 1, '2026-03-12 09:38:19', '2026-03-12 10:23:41', 0);
COMMIT;

-- ----------------------------
-- Table structure for t_user_role
-- ----------------------------
DROP TABLE IF EXISTS `t_user_role`;
CREATE TABLE `t_user_role` (
  `id` bigint NOT NULL AUTO_INCREMENT COMMENT 'е…іиҒ”ID',
  `user_id` bigint NOT NULL COMMENT 'з”ЁжҲ·ID',
  `role_id` bigint NOT NULL COMMENT 'и§’иүІID',
  `create_time` datetime DEFAULT NULL COMMENT 'еҲӣе»әж—¶й—ҙ',
  `update_time` datetime DEFAULT NULL COMMENT 'жӣҙж–°ж—¶й—ҙ',
  `deleted` int DEFAULT '0' COMMENT 'йҖ»иҫ‘еҲ йҷӨпјҡ0-жңӘеҲ йҷӨпјҢ1-е·ІеҲ йҷӨ',
  PRIMARY KEY (`id`) USING BTREE,
  KEY `idx_user_id` (`user_id`) USING BTREE,
  KEY `idx_role_id` (`role_id`) USING BTREE,
  CONSTRAINT `t_user_role_ibfk_1` FOREIGN KEY (`user_id`) REFERENCES `t_user` (`id`) ON DELETE CASCADE ON UPDATE RESTRICT,
  CONSTRAINT `t_user_role_ibfk_2` FOREIGN KEY (`role_id`) REFERENCES `t_role` (`id`) ON DELETE CASCADE ON UPDATE RESTRICT
) ENGINE=InnoDB AUTO_INCREMENT=27 DEFAULT CHARSET=utf8mb4 COLLATE=utf8mb4_0900_ai_ci ROW_FORMAT=DYNAMIC COMMENT='з”ЁжҲ·и§’иүІе…іиҒ”иЎЁ';

-- ----------------------------
-- Records of t_user_role
-- ----------------------------
BEGIN;
INSERT INTO `t_user_role` (`id`, `user_id`, `role_id`, `create_time`, `update_time`, `deleted`) VALUES (16, 11, 1, '2026-03-12 09:38:19', '2026-03-12 09:38:19', 0);
INSERT INTO `t_user_role` (`id`, `user_id`, `role_id`, `create_time`, `update_time`, `deleted`) VALUES (17, 12, 2, '2026-03-12 09:38:19', '2026-03-12 09:38:19', 1);
INSERT INTO `t_user_role` (`id`, `user_id`, `role_id`, `create_time`, `update_time`, `deleted`) VALUES (25, 12, 2, '2026-03-12 10:23:36', '2026-03-12 10:23:36', 1);
INSERT INTO `t_user_role` (`id`, `user_id`, `role_id`, `create_time`, `update_time`, `deleted`) VALUES (26, 12, 2, '2026-03-12 10:23:41', '2026-03-12 10:23:41', 0);
COMMIT;

SET FOREIGN_KEY_CHECKS = 1;
